Timestamp, Tweet-ID, Included(Y/N),Count
Fri Nov 01 07:00:00 2013,3.96179E+17,Y,1
Fri Nov 01 08:00:00 2013,,,0
Fri Nov 01 09:00:00 2013,3.96205E+17,Y,1
Fri Nov 01 10:00:00 2013,,,0
Fri Nov 01 11:00:00 2013,,,0
Fri Nov 01 12:00:00 2013,3.96252E+17,Y,1
Fri Nov 01 13:00:00 2013,3.96263E+17,Y,2
Fri Nov 01 14:00:00 2013,,,0
Fri Nov 01 15:00:00 2013,3.96303E+17,Y,1
Fri Nov 01 16:27:12 +0000 2013,3.96312E+17,Y,110
Fri Nov 01 17:00:05 +0000 2013,3.96321E+17,Y,446
Fri Nov 01 18:00:08 +0000 2013,3.96336E+17,Y,403
Fri Nov 01 19:00:04 +0000 2013,3.96351E+17,Y,235
Fri Nov 01 20:00:00 +0000 2013,3.96366E+17,Y,162
Fri Nov 01 21:00:08 +0000 2013,3.96381E+17,Y,134
Fri Nov 01 22:00:23 +0000 2013,3.96396E+17,Y,104
Fri Nov 01 23:00:45 +0000 2013,3.96412E+17,Y,53
Sat Nov 02 00:00:35 +0000 2013,3.96427E+17,Y,59
Sat Nov 02 01:03:29 +0000 2013,3.96442E+17,Y,41
Sat Nov 02 02:00:05 +0000 2013,3.96457E+17,Y,35
Sat Nov 02 03:03:28 +0000 2013,3.96473E+17,Y,24
Sat Nov 02 04:00:12 +0000 2013,3.96487E+17,Y,19
Sat Nov 02 05:01:29 +0000 2013,3.96502E+17,Y,11
Sat Nov 02 06:07:44 +0000 2013,3.96519E+17,Y,8
Sat Nov 02 07:01:38 +0000 2013,3.96533E+17,Y,13
Sat Nov 02 08:03:33 +0000 2013,3.96548E+17,Y,12
Sat Nov 02 09:01:16 +0000 2013,3.96563E+17,Y,12
Sat Nov 02 10:06:44 +0000 2013,3.96579E+17,Y,18
Sat Nov 02 11:02:59 +0000 2013,3.96593E+17,Y,18
Sat Nov 02 12:00:37 +0000 2013,3.96608E+17,Y,
Sat Nov 02 12:01:44 +0000 2013,3.96608E+17,Y,
Sat Nov 02 12:04:24 +0000 2013,3.96609E+17,Y,
Sat Nov 02 12:05:36 +0000 2013,3.96609E+17,Y,
Sat Nov 02 12:09:44 +0000 2013,3.9661E+17,Y,
Sat Nov 02 12:13:52 +0000 2013,3.96611E+17,Y,
Sat Nov 02 12:14:15 +0000 2013,3.96611E+17,Y,
Sat Nov 02 12:16:49 +0000 2013,3.96612E+17,Y,
Sat Nov 02 12:17:04 +0000 2013,3.96612E+17,Y,
Sat Nov 02 12:22:12 +0000 2013,3.96613E+17,Y,
Sat Nov 02 12:24:27 +0000 2013,3.96614E+17,Y,
Sat Nov 02 12:26:59 +0000 2013,3.96614E+17,Y,
Sat Nov 02 12:27:27 +0000 2013,3.96615E+17,Y,
Sat Nov 02 12:28:10 +0000 2013,3.96615E+17,Y,
Sat Nov 02 12:31:24 +0000 2013,3.96616E+17,Y,
Sat Nov 02 12:31:36 +0000 2013,3.96616E+17,Y,
Sat Nov 02 12:33:25 +0000 2013,3.96616E+17,Y,
Sat Nov 02 12:35:12 +0000 2013,3.96616E+17,Y,
Sat Nov 02 12:35:25 +0000 2013,3.96617E+17,Y,
Sat Nov 02 12:39:37 +0000 2013,3.96618E+17,Y,
Sat Nov 02 12:48:30 +0000 2013,3.9662E+17,Y,
Sat Nov 02 12:54:47 +0000 2013,3.96621E+17,Y,
Sat Nov 02 12:57:36 +0000 2013,3.96622E+17,Y,
Sat Nov 02 12:58:49 +0000 2013,3.96622E+17,Y,
Sat Nov 02 13:07:45 +0000 2013,3.96625E+17,Y,
Sat Nov 02 13:12:41 +0000 2013,3.96626E+17,Y,
Sat Nov 02 13:12:49 +0000 2013,3.96626E+17,Y,
Sat Nov 02 13:14:08 +0000 2013,3.96626E+17,Y,
Sat Nov 02 13:15:48 +0000 2013,3.96627E+17,Y,
Sat Nov 02 13:16:59 +0000 2013,3.96627E+17,Y,
Sat Nov 02 13:27:16 +0000 2013,3.9663E+17,Y,
Sat Nov 02 13:33:52 +0000 2013,3.96631E+17,Y,
Sat Nov 02 13:37:34 +0000 2013,3.96632E+17,Y,
Sat Nov 02 13:42:41 +0000 2013,3.96633E+17,Y,
Sat Nov 02 13:43:36 +0000 2013,3.96634E+17,Y,
Sat Nov 02 13:44:51 +0000 2013,3.96634E+17,Y,
Sat Nov 02 13:50:59 +0000 2013,3.96636E+17,Y,
Sat Nov 02 13:52:04 +0000 2013,3.96636E+17,Y,
Sat Nov 02 13:55:51 +0000 2013,3.96637E+17,Y,
Sat Nov 02 13:58:00 +0000 2013,3.96637E+17,Y,
Sat Nov 02 14:01:00 +0000 2013,3.96638E+17,Y,
Sat Nov 02 14:06:27 +0000 2013,3.96639E+17,Y,
Sat Nov 02 14:09:25 +0000 2013,3.9664E+17,Y,
Sat Nov 02 14:12:14 +0000 2013,3.96641E+17,Y,
Sat Nov 02 14:21:06 +0000 2013,3.96643E+17,Y,
Sat Nov 02 14:28:37 +0000 2013,3.96645E+17,Y,
Sat Nov 02 14:35:10 +0000 2013,3.96647E+17,Y,
Sat Nov 02 14:35:29 +0000 2013,3.96647E+17,Y,
Sat Nov 02 14:36:17 +0000 2013,3.96647E+17,Y,
Sat Nov 02 14:37:13 +0000 2013,3.96647E+17,Y,
Sat Nov 02 14:45:23 +0000 2013,3.96649E+17,Y,
Sat Nov 02 14:46:13 +0000 2013,3.96649E+17,Y,
Sat Nov 02 14:49:43 +0000 2013,3.9665E+17,Y,
Sat Nov 02 14:51:56 +0000 2013,3.96651E+17,Y,
Sat Nov 02 15:03:42 +0000 2013,3.96654E+17,Y,
Sat Nov 02 15:04:20 +0000 2013,3.96654E+17,Y,
Sat Nov 02 15:05:27 +0000 2013,3.96654E+17,Y,
Sat Nov 02 15:10:52 +0000 2013,3.96656E+17,Y,
Sat Nov 02 15:13:07 +0000 2013,3.96656E+17,Y,
Sat Nov 02 15:13:14 +0000 2013,3.96656E+17,Y,
Sat Nov 02 15:15:13 +0000 2013,3.96657E+17,Y,
Sat Nov 02 15:15:19 +0000 2013,3.96657E+17,Y,
Sat Nov 02 15:19:58 +0000 2013,3.96658E+17,Y,
Sat Nov 02 15:20:43 +0000 2013,3.96658E+17,Y,
Sat Nov 02 15:21:10 +0000 2013,3.96658E+17,Y,
Sat Nov 02 15:21:36 +0000 2013,3.96658E+17,Y,
Sat Nov 02 15:31:14 +0000 2013,3.96661E+17,Y,
Sat Nov 02 15:31:22 +0000 2013,3.96661E+17,Y,
Sat Nov 02 15:31:32 +0000 2013,3.96661E+17,Y,
Sat Nov 02 15:33:22 +0000 2013,3.96661E+17,Y,
Sat Nov 02 15:33:32 +0000 2013,3.96661E+17,Y,
Sat Nov 02 15:36:09 +0000 2013,3.96662E+17,Y,
Sat Nov 02 15:40:31 +0000 2013,3.96663E+17,Y,
Sat Nov 02 15:47:38 +0000 2013,3.96665E+17,Y,
Sat Nov 02 15:50:53 +0000 2013,3.96666E+17,Y,
Sat Nov 02 15:51:52 +0000 2013,3.96666E+17,Y,
Sat Nov 02 15:52:26 +0000 2013,3.96666E+17,Y,
Sat Nov 02 15:54:19 +0000 2013,3.96667E+17,Y,
Sat Nov 02 15:56:00 +0000 2013,3.96667E+17,Y,
Sat Nov 02 16:00:54 +0000 2013,3.96668E+17,Y,
Sat Nov 02 16:02:42 +0000 2013,3.96669E+17,Y,
Sat Nov 02 16:09:22 +0000 2013,3.9667E+17,Y,
Sat Nov 02 16:28:12 +0000 2013,3.96675E+17,Y,
Sat Nov 02 16:29:41 +0000 2013,3.96675E+17,Y,
Sat Nov 02 16:29:51 +0000 2013,3.96676E+17,Y,
Sat Nov 02 16:33:12 +0000 2013,3.96676E+17,Y,
Sat Nov 02 16:35:09 +0000 2013,3.96677E+17,Y,
Sat Nov 02 16:37:16 +0000 2013,3.96677E+17,Y,
Sat Nov 02 16:41:31 +0000 2013,3.96678E+17,Y,
Sat Nov 02 16:46:33 +0000 2013,3.9668E+17,Y,
Sat Nov 02 16:56:22 +0000 2013,3.96682E+17,Y,
Sat Nov 02 16:57:48 +0000 2013,3.96683E+17,Y,
Sat Nov 02 17:01:17 +0000 2013,3.96683E+17,Y,
Sat Nov 02 17:04:20 +0000 2013,3.96684E+17,Y,
Sat Nov 02 17:05:09 +0000 2013,3.96684E+17,Y,
Sat Nov 02 17:09:12 +0000 2013,3.96685E+17,Y,
Sat Nov 02 17:09:53 +0000 2013,3.96686E+17,Y,
Sat Nov 02 17:13:29 +0000 2013,3.96687E+17,Y,
Sat Nov 02 17:13:55 +0000 2013,3.96687E+17,Y,
Sat Nov 02 17:15:21 +0000 2013,3.96687E+17,Y,
Sat Nov 02 17:15:57 +0000 2013,3.96687E+17,Y,
Sat Nov 02 17:19:10 +0000 2013,3.96688E+17,Y,
Sat Nov 02 17:21:41 +0000 2013,3.96689E+17,Y,
Sat Nov 02 17:22:32 +0000 2013,3.96689E+17,Y,
Sat Nov 02 17:28:55 +0000 2013,3.9669E+17,Y,
Sat Nov 02 17:40:10 +0000 2013,3.96693E+17,Y,
Sat Nov 02 17:46:02 +0000 2013,3.96695E+17,Y,
Sat Nov 02 17:52:41 +0000 2013,3.96696E+17,Y,
Sat Nov 02 17:59:11 +0000 2013,3.96698E+17,Y,
Sat Nov 02 18:14:02 +0000 2013,3.96702E+17,Y,
Sat Nov 02 18:18:06 +0000 2013,3.96703E+17,Y,
Sat Nov 02 18:30:09 +0000 2013,3.96706E+17,Y,
Sat Nov 02 18:36:44 +0000 2013,3.96707E+17,Y,
Sat Nov 02 18:37:16 +0000 2013,3.96708E+17,Y,
Sat Nov 02 18:39:42 +0000 2013,3.96708E+17,Y,
Sat Nov 02 18:40:05 +0000 2013,3.96708E+17,Y,
Sat Nov 02 18:42:11 +0000 2013,3.96709E+17,Y,
Sat Nov 02 18:57:38 +0000 2013,3.96713E+17,Y,
Sat Nov 02 18:59:34 +0000 2013,3.96713E+17,Y,
Sat Nov 02 19:03:46 +0000 2013,3.96714E+17,Y,
Sat Nov 02 19:07:45 +0000 2013,3.96715E+17,Y,
Sat Nov 02 19:17:31 +0000 2013,3.96718E+17,Y,
Sat Nov 02 19:25:29 +0000 2013,3.9672E+17,Y,
Sat Nov 02 19:26:55 +0000 2013,3.9672E+17,Y,
Sat Nov 02 19:27:10 +0000 2013,3.9672E+17,Y,
Sat Nov 02 19:32:53 +0000 2013,3.96722E+17,Y,
Sat Nov 02 19:39:28 +0000 2013,3.96723E+17,Y,
Sat Nov 02 19:39:30 +0000 2013,3.96723E+17,Y,
Sat Nov 02 19:41:39 +0000 2013,3.96724E+17,Y,
Sat Nov 02 19:55:08 +0000 2013,3.96727E+17,Y,
Sat Nov 02 20:04:35 +0000 2013,3.9673E+17,Y,
Sat Nov 02 20:06:27 +0000 2013,3.9673E+17,Y,
Sat Nov 02 20:08:06 +0000 2013,3.9673E+17,Y,
Sat Nov 02 20:13:58 +0000 2013,3.96732E+17,Y,
Sat Nov 02 20:14:28 +0000 2013,3.96732E+17,Y,
Sat Nov 02 20:15:51 +0000 2013,3.96732E+17,Y,
Sat Nov 02 20:17:43 +0000 2013,3.96733E+17,Y,
Sat Nov 02 20:20:02 +0000 2013,3.96733E+17,Y,
Sat Nov 02 20:26:53 +0000 2013,3.96735E+17,Y,
Sat Nov 02 20:34:24 +0000 2013,3.96737E+17,Y,
Sat Nov 02 20:36:50 +0000 2013,3.96738E+17,Y,
Sat Nov 02 20:37:23 +0000 2013,3.96738E+17,Y,
Sat Nov 02 20:39:35 +0000 2013,3.96738E+17,Y,
Sat Nov 02 21:07:38 +0000 2013,3.96745E+17,Y,
Sat Nov 02 21:11:07 +0000 2013,3.96746E+17,Y,
Sat Nov 02 21:13:42 +0000 2013,3.96747E+17,Y,
Sat Nov 02 21:13:43 +0000 2013,3.96747E+17,Y,
Sat Nov 02 21:13:45 +0000 2013,3.96747E+17,Y,
Sat Nov 02 21:17:08 +0000 2013,3.96748E+17,Y,
Sat Nov 02 21:19:12 +0000 2013,3.96748E+17,Y,
Sat Nov 02 21:23:06 +0000 2013,3.96749E+17,Y,
Sat Nov 02 21:23:18 +0000 2013,3.96749E+17,Y,
Sat Nov 02 21:23:33 +0000 2013,3.96749E+17,Y,
Sat Nov 02 21:32:27 +0000 2013,3.96752E+17,Y,
Sat Nov 02 21:33:21 +0000 2013,3.96752E+17,Y,
Sat Nov 02 21:34:33 +0000 2013,3.96752E+17,Y,
Sat Nov 02 21:39:57 +0000 2013,3.96754E+17,Y,
Sat Nov 02 21:44:51 +0000 2013,3.96755E+17,Y,
Sat Nov 02 21:49:38 +0000 2013,3.96756E+17,Y,
Sat Nov 02 21:54:15 +0000 2013,3.96757E+17,Y,
Sat Nov 02 21:54:30 +0000 2013,3.96757E+17,Y,
Sat Nov 02 21:54:33 +0000 2013,3.96757E+17,Y,
Sat Nov 02 21:54:36 +0000 2013,3.96757E+17,Y,
Sat Nov 02 21:54:39 +0000 2013,3.96757E+17,Y,
Sat Nov 02 21:54:40 +0000 2013,3.96757E+17,Y,
Sat Nov 02 22:00:48 +0000 2013,3.96759E+17,Y,
Sat Nov 02 22:09:55 +0000 2013,3.96761E+17,Y,
Sat Nov 02 22:14:43 +0000 2013,3.96762E+17,Y,
Sat Nov 02 22:20:40 +0000 2013,3.96764E+17,Y,
Sat Nov 02 22:26:12 +0000 2013,3.96765E+17,Y,
Sat Nov 02 22:29:03 +0000 2013,3.96766E+17,Y,
Sat Nov 02 22:37:43 +0000 2013,3.96768E+17,Y,
Sat Nov 02 22:46:13 +0000 2013,3.9677E+17,Y,
Sat Nov 02 22:49:05 +0000 2013,3.96771E+17,Y,
Sat Nov 02 22:51:42 +0000 2013,3.96772E+17,Y,
Sat Nov 02 22:54:58 +0000 2013,3.96772E+17,Y,
Sat Nov 02 23:05:03 +0000 2013,3.96775E+17,Y,
Sat Nov 02 23:05:08 +0000 2013,3.96775E+17,Y,
Sat Nov 02 23:14:59 +0000 2013,3.96777E+17,Y,
Sat Nov 02 23:17:08 +0000 2013,3.96778E+17,Y,
Sat Nov 02 23:34:43 +0000 2013,3.96782E+17,Y,
Sat Nov 02 23:37:18 +0000 2013,3.96783E+17,Y,
Sat Nov 02 23:43:19 +0000 2013,3.96785E+17,Y,
Sat Nov 02 23:46:09 +0000 2013,3.96785E+17,Y,
Sat Nov 02 23:48:50 +0000 2013,3.96786E+17,Y,
Sat Nov 02 23:50:00 +0000 2013,3.96786E+17,Y,
Sat Nov 02 23:50:20 +0000 2013,3.96786E+17,Y,
Sat Nov 02 23:50:25 +0000 2013,3.96786E+17,Y,
Sat Nov 02 23:53:20 +0000 2013,3.96787E+17,Y,
Sat Nov 02 23:54:08 +0000 2013,3.96787E+17,Y,
Sat Nov 02 23:54:31 +0000 2013,3.96787E+17,Y,
Sun Nov 03 00:00:01 +0000 2013,3.96789E+17,Y,
Sun Nov 03 00:01:31 +0000 2013,3.96789E+17,Y,
Sun Nov 03 00:02:01 +0000 2013,3.96789E+17,Y,
Sun Nov 03 00:13:12 +0000 2013,3.96792E+17,Y,
Sun Nov 03 00:15:05 +0000 2013,3.96793E+17,Y,
Sun Nov 03 00:21:46 +0000 2013,3.96794E+17,Y,
Sun Nov 03 00:23:11 +0000 2013,3.96795E+17,Y,
Sun Nov 03 00:27:43 +0000 2013,3.96796E+17,Y,
Sun Nov 03 00:28:32 +0000 2013,3.96796E+17,Y,
Sun Nov 03 00:28:57 +0000 2013,3.96796E+17,Y,
Sun Nov 03 00:34:14 +0000 2013,3.96797E+17,Y,
Sun Nov 03 00:38:37 +0000 2013,3.96799E+17,Y,
Sun Nov 03 00:40:52 +0000 2013,3.96799E+17,Y,
Sun Nov 03 00:49:51 +0000 2013,3.96801E+17,Y,
Sun Nov 03 00:49:53 +0000 2013,3.96801E+17,Y,
Sun Nov 03 00:51:01 +0000 2013,3.96802E+17,Y,
Sun Nov 03 00:51:16 +0000 2013,3.96802E+17,Y,
Sun Nov 03 00:56:18 +0000 2013,3.96803E+17,Y,
Sun Nov 03 00:56:28 +0000 2013,3.96803E+17,Y,
Sun Nov 03 00:58:26 +0000 2013,3.96804E+17,Y,
Sun Nov 03 01:05:30 +0000 2013,3.96805E+17,Y,
Sun Nov 03 01:07:36 +0000 2013,3.96806E+17,Y,
Sun Nov 03 01:11:16 +0000 2013,3.96807E+17,Y,
Sun Nov 03 01:13:09 +0000 2013,3.96807E+17,Y,
Sun Nov 03 01:17:08 +0000 2013,3.96808E+17,Y,
Sun Nov 03 01:22:56 +0000 2013,3.9681E+17,Y,
Sun Nov 03 01:26:00 +0000 2013,3.9681E+17,Y,
Sun Nov 03 01:27:28 +0000 2013,3.96811E+17,Y,
Sun Nov 03 01:28:17 +0000 2013,3.96811E+17,Y,
Sun Nov 03 01:31:26 +0000 2013,3.96812E+17,Y,
Sun Nov 03 01:34:18 +0000 2013,3.96813E+17,Y,
Sun Nov 03 01:38:26 +0000 2013,3.96814E+17,Y,
Sun Nov 03 01:44:15 +0000 2013,3.96815E+17,Y,
Sun Nov 03 01:45:09 +0000 2013,3.96815E+17,Y,
Sun Nov 03 01:46:08 +0000 2013,3.96816E+17,Y,
Sun Nov 03 01:53:04 +0000 2013,3.96817E+17,Y,
Sun Nov 03 01:55:13 +0000 2013,3.96818E+17,Y,
Sun Nov 03 01:59:15 +0000 2013,3.96819E+17,Y,
Sun Nov 03 02:14:08 +0000 2013,3.96823E+17,Y,
Sun Nov 03 02:14:51 +0000 2013,3.96823E+17,Y,
Sun Nov 03 02:21:40 +0000 2013,3.96824E+17,Y,
Sun Nov 03 02:42:01 +0000 2013,3.9683E+17,Y,
Sun Nov 03 02:47:11 +0000 2013,3.96831E+17,Y,
Sun Nov 03 02:51:07 +0000 2013,3.96832E+17,Y,
Sun Nov 03 02:52:28 +0000 2013,3.96832E+17,Y,
Sun Nov 03 02:57:32 +0000 2013,3.96833E+17,Y,
Sun Nov 03 03:03:50 +0000 2013,3.96835E+17,Y,
Sun Nov 03 03:12:13 +0000 2013,3.96837E+17,Y,
Sun Nov 03 03:17:07 +0000 2013,3.96838E+17,Y,
Sun Nov 03 03:17:44 +0000 2013,3.96839E+17,Y,
Sun Nov 03 03:17:51 +0000 2013,3.96839E+17,Y,
Sun Nov 03 03:23:49 +0000 2013,3.9684E+17,Y,
Sun Nov 03 03:28:15 +0000 2013,3.96841E+17,Y,
Sun Nov 03 03:29:24 +0000 2013,3.96842E+17,Y,
Sun Nov 03 03:37:42 +0000 2013,3.96844E+17,Y,
Sun Nov 03 03:45:55 +0000 2013,3.96846E+17,Y,
Sun Nov 03 04:01:21 +0000 2013,3.9685E+17,Y,
Sun Nov 03 04:03:20 +0000 2013,3.9685E+17,Y,
Sun Nov 03 04:17:48 +0000 2013,3.96854E+17,Y,
Sun Nov 03 04:19:38 +0000 2013,3.96854E+17,Y,
Sun Nov 03 04:26:10 +0000 2013,3.96856E+17,Y,
Sun Nov 03 04:31:43 +0000 2013,3.96857E+17,Y,
Sun Nov 03 04:36:04 +0000 2013,3.96858E+17,Y,
Sun Nov 03 04:42:56 +0000 2013,3.9686E+17,Y,
Sun Nov 03 04:43:01 +0000 2013,3.9686E+17,Y,
Sun Nov 03 04:44:34 +0000 2013,3.9686E+17,Y,
Sun Nov 03 04:47:44 +0000 2013,3.96861E+17,Y,
Sun Nov 03 04:55:52 +0000 2013,3.96863E+17,Y,
Sun Nov 03 04:57:52 +0000 2013,3.96864E+17,Y,
Sun Nov 03 05:00:52 +0000 2013,3.96865E+17,Y,
Sun Nov 03 05:01:59 +0000 2013,3.96865E+17,Y,
Sun Nov 03 05:05:14 +0000 2013,3.96866E+17,Y,
Sun Nov 03 05:08:44 +0000 2013,3.96867E+17,Y,
Sun Nov 03 05:12:39 +0000 2013,3.96867E+17,Y,
Sun Nov 03 05:36:04 +0000 2013,3.96873E+17,Y,
Sun Nov 03 05:46:32 +0000 2013,3.96876E+17,Y,
Sun Nov 03 06:01:00 +0000 2013,3.9688E+17,Y,
Sun Nov 03 06:04:33 +0000 2013,3.96881E+17,Y,
Sun Nov 03 06:09:47 +0000 2013,3.96882E+17,Y,
Sun Nov 03 06:32:47 +0000 2013,3.96888E+17,Y,
Sun Nov 03 06:39:10 +0000 2013,3.96889E+17,Y,
Sun Nov 03 06:57:43 +0000 2013,3.96894E+17,Y,
Sun Nov 03 07:04:31 +0000 2013,3.96896E+17,Y,
Sun Nov 03 08:08:32 +0000 2013,3.96912E+17,Y,
Sun Nov 03 08:11:33 +0000 2013,3.96913E+17,Y,
Sun Nov 03 07:12:47 +0000 2013,3.96898E+17,Y,
Sun Nov 03 08:12:40 +0000 2013,3.96913E+17,Y,
Sun Nov 03 08:17:45 +0000 2013,3.96914E+17,Y,
Sun Nov 03 07:22:13 +0000 2013,3.969E+17,Y,
Sun Nov 03 07:26:37 +0000 2013,3.96901E+17,Y,
Sun Nov 03 08:27:58 +0000 2013,3.96917E+17,Y,
Sun Nov 03 07:45:18 +0000 2013,3.96906E+17,Y,
Sun Nov 03 08:49:11 +0000 2013,3.96922E+17,Y,
Sun Nov 03 07:55:56 +0000 2013,3.96909E+17,Y,
Sun Nov 03 09:00:36 +0000 2013,3.96925E+17,Y,
Sun Nov 03 09:30:24 +0000 2013,3.96932E+17,Y,
Sun Nov 03 09:32:16 +0000 2013,3.96933E+17,Y,
Sun Nov 03 09:38:59 +0000 2013,3.96935E+17,Y,
Sun Nov 03 09:48:19 +0000 2013,3.96937E+17,Y,
Sun Nov 03 09:53:05 +0000 2013,3.96938E+17,Y,
Sun Nov 03 09:55:01 +0000 2013,3.96939E+17,Y,
Sun Nov 03 10:02:59 +0000 2013,3.96941E+17,Y,
Sun Nov 03 10:16:06 +0000 2013,3.96944E+17,Y,
Sun Nov 03 10:16:08 +0000 2013,3.96944E+17,Y,
Sun Nov 03 10:16:21 +0000 2013,3.96944E+17,Y,
Sun Nov 03 10:25:40 +0000 2013,3.96946E+17,Y,
Sun Nov 03 10:28:30 +0000 2013,3.96947E+17,Y,
Sun Nov 03 10:46:17 +0000 2013,3.96951E+17,Y,
Sun Nov 03 11:16:19 +0000 2013,3.96959E+17,Y,
Sun Nov 03 11:17:25 +0000 2013,3.96959E+17,Y,
Sun Nov 03 11:22:13 +0000 2013,3.96961E+17,Y,
Sun Nov 03 11:24:39 +0000 2013,3.96961E+17,Y,
Sun Nov 03 11:35:59 +0000 2013,3.96964E+17,Y,
Sun Nov 03 11:46:34 +0000 2013,3.96967E+17,Y,
Sun Nov 03 11:55:39 +0000 2013,3.96969E+17,Y,
Sun Nov 03 12:06:13 +0000 2013,3.96972E+17,Y,
Sun Nov 03 12:29:29 +0000 2013,3.96977E+17,Y,
Sun Nov 03 12:35:00 +0000 2013,3.96979E+17,Y,
Sun Nov 03 12:39:51 +0000 2013,3.9698E+17,Y,
Sun Nov 03 12:46:20 +0000 2013,3.96982E+17,Y,
Sun Nov 03 12:46:31 +0000 2013,3.96982E+17,Y,
Sun Nov 03 12:46:38 +0000 2013,3.96982E+17,Y,
Sun Nov 03 12:46:44 +0000 2013,3.96982E+17,Y,
Sun Nov 03 13:04:14 +0000 2013,3.96986E+17,Y,
Sun Nov 03 13:28:07 +0000 2013,3.96992E+17,Y,
Sun Nov 03 13:30:22 +0000 2013,3.96993E+17,Y,
Sun Nov 03 14:03:49 +0000 2013,3.97001E+17,Y,
Sun Nov 03 14:09:56 +0000 2013,3.97003E+17,Y,
Sun Nov 03 14:28:34 +0000 2013,3.97007E+17,Y,
Sun Nov 03 14:29:51 +0000 2013,3.97008E+17,Y,
Sun Nov 03 14:35:14 +0000 2013,3.97009E+17,Y,
Sun Nov 03 14:38:54 +0000 2013,3.9701E+17,Y,
Sun Nov 03 14:50:24 +0000 2013,3.97013E+17,Y,
Sun Nov 03 14:53:17 +0000 2013,3.97014E+17,Y,
Sun Nov 03 14:58:36 +0000 2013,3.97015E+17,Y,
Sun Nov 03 15:03:23 +0000 2013,3.97016E+17,Y,
Sun Nov 03 15:08:32 +0000 2013,3.97017E+17,Y,
Sun Nov 03 15:21:46 +0000 2013,3.97021E+17,Y,
Sun Nov 03 15:50:27 +0000 2013,3.97028E+17,Y,
Sun Nov 03 15:53:55 +0000 2013,3.97029E+17,Y,
Sun Nov 03 16:29:28 +0000 2013,3.97038E+17,Y,
Sun Nov 03 16:38:52 +0000 2013,3.9704E+17,Y,
Sun Nov 03 16:39:51 +0000 2013,3.9704E+17,Y,
Sun Nov 03 17:02:41 +0000 2013,3.97046E+17,Y,
Sun Nov 03 17:07:26 +0000 2013,3.97047E+17,Y,
Sun Nov 03 17:13:07 +0000 2013,3.97049E+17,Y,
Sun Nov 03 17:13:46 +0000 2013,3.97049E+17,Y,
Sun Nov 03 17:30:27 +0000 2013,3.97053E+17,Y,
Sun Nov 03 17:39:36 +0000 2013,3.97055E+17,Y,
Sun Nov 03 17:40:51 +0000 2013,3.97056E+17,Y,
Sun Nov 03 17:46:48 +0000 2013,3.97057E+17,Y,
Sun Nov 03 17:47:35 +0000 2013,3.97057E+17,Y,
Sun Nov 03 17:48:59 +0000 2013,3.97058E+17,Y,
Sun Nov 03 18:00:50 +0000 2013,3.97061E+17,Y,
Sun Nov 03 18:06:30 +0000 2013,3.97062E+17,Y,
Sun Nov 03 18:25:50 +0000 2013,3.97067E+17,Y,
Sun Nov 03 18:25:54 +0000 2013,3.97067E+17,Y,
Sun Nov 03 18:35:17 +0000 2013,3.97069E+17,Y,
Sun Nov 03 18:55:38 +0000 2013,3.97075E+17,Y,
Sun Nov 03 18:57:16 +0000 2013,3.97075E+17,Y,
Sun Nov 03 19:00:59 +0000 2013,3.97076E+17,Y,
Sun Nov 03 19:02:55 +0000 2013,3.97076E+17,Y,
Sun Nov 03 19:07:43 +0000 2013,3.97078E+17,Y,
Sun Nov 03 19:08:51 +0000 2013,3.97078E+17,Y,
Sun Nov 03 19:22:19 +0000 2013,3.97081E+17,Y,
Sun Nov 03 19:24:16 +0000 2013,3.97082E+17,Y,
Sun Nov 03 19:24:46 +0000 2013,3.97082E+17,Y,
Sun Nov 03 19:48:03 +0000 2013,3.97088E+17,Y,
Sun Nov 03 19:48:04 +0000 2013,3.97088E+17,Y,
Sun Nov 03 19:49:39 +0000 2013,3.97088E+17,Y,
Sun Nov 03 19:50:12 +0000 2013,3.97088E+17,Y,
Sun Nov 03 20:03:19 +0000 2013,3.97092E+17,Y,
Sun Nov 03 20:07:19 +0000 2013,3.97093E+17,Y,
Sun Nov 03 20:10:12 +0000 2013,3.97093E+17,Y,
Sun Nov 03 20:18:03 +0000 2013,3.97095E+17,Y,
Sun Nov 03 20:24:03 +0000 2013,3.97097E+17,Y,
Sun Nov 03 20:25:52 +0000 2013,3.97097E+17,Y,
Sun Nov 03 20:26:16 +0000 2013,3.97097E+17,Y,
Sun Nov 03 20:47:33 +0000 2013,3.97103E+17,Y,
Sun Nov 03 20:58:15 +0000 2013,3.97105E+17,Y,
Sun Nov 03 20:59:13 +0000 2013,3.97106E+17,Y,
Sun Nov 03 21:12:58 +0000 2013,3.97109E+17,Y,
Sun Nov 03 21:18:09 +0000 2013,3.9711E+17,Y,
Sun Nov 03 21:31:01 +0000 2013,3.97114E+17,Y,
Sun Nov 03 22:03:29 +0000 2013,3.97122E+17,Y,
Sun Nov 03 22:13:02 +0000 2013,3.97124E+17,Y,
Sun Nov 03 22:17:22 +0000 2013,3.97125E+17,Y,
Sun Nov 03 22:26:44 +0000 2013,3.97128E+17,Y,
Sun Nov 03 22:27:37 +0000 2013,3.97128E+17,Y,
Sun Nov 03 22:31:19 +0000 2013,3.97129E+17,Y,
Sun Nov 03 22:31:59 +0000 2013,3.97129E+17,Y,
Sun Nov 03 22:52:04 +0000 2013,3.97134E+17,Y,
Sun Nov 03 22:54:03 +0000 2013,3.97135E+17,Y,
Sun Nov 03 22:58:38 +0000 2013,3.97136E+17,Y,
Sun Nov 03 23:01:48 +0000 2013,3.97137E+17,Y,
Sun Nov 03 23:10:03 +0000 2013,3.97139E+17,Y,
Sun Nov 03 23:16:34 +0000 2013,3.9714E+17,Y,
Sun Nov 03 23:20:53 +0000 2013,3.97141E+17,Y,
Sun Nov 03 23:28:23 +0000 2013,3.97143E+17,Y,
Sun Nov 03 23:29:21 +0000 2013,3.97143E+17,Y,
Sun Nov 03 23:42:00 +0000 2013,3.97147E+17,Y,
Mon Nov 04 00:02:13 +0000 2013,3.97152E+17,Y,
Mon Nov 04 00:14:40 +0000 2013,3.97155E+17,Y,
Mon Nov 04 00:15:14 +0000 2013,3.97155E+17,Y,
Mon Nov 04 00:26:15 +0000 2013,3.97158E+17,Y,
Mon Nov 04 00:37:52 +0000 2013,3.97161E+17,Y,
Mon Nov 04 00:39:36 +0000 2013,3.97161E+17,Y,
Mon Nov 04 00:43:12 +0000 2013,3.97162E+17,Y,
Mon Nov 04 00:48:35 +0000 2013,3.97163E+17,Y,
Mon Nov 04 00:55:04 +0000 2013,3.97165E+17,Y,
Mon Nov 04 00:59:06 +0000 2013,3.97166E+17,Y,
Mon Nov 04 01:07:27 +0000 2013,3.97168E+17,Y,
Mon Nov 04 01:09:56 +0000 2013,3.97169E+17,Y,
Mon Nov 04 01:11:33 +0000 2013,3.97169E+17,Y,
Mon Nov 04 01:13:09 +0000 2013,3.9717E+17,Y,
Mon Nov 04 01:25:45 +0000 2013,3.97173E+17,Y,
Mon Nov 04 02:29:13 +0000 2013,3.97189E+17,Y,
Mon Nov 04 02:42:45 +0000 2013,3.97192E+17,Y,
Mon Nov 04 02:58:52 +0000 2013,3.97196E+17,Y,
Mon Nov 04 03:10:52 +0000 2013,3.97199E+17,Y,
Mon Nov 04 03:18:32 +0000 2013,3.97201E+17,Y,
Mon Nov 04 03:41:35 +0000 2013,3.97207E+17,Y,
Mon Nov 04 03:45:26 +0000 2013,3.97208E+17,Y,
Mon Nov 04 04:00:12 +0000 2013,3.97212E+17,Y,
Mon Nov 04 04:01:50 +0000 2013,3.97212E+17,Y,
Mon Nov 04 04:03:20 +0000 2013,3.97212E+17,Y,
Mon Nov 04 04:19:14 +0000 2013,3.97216E+17,Y,
Mon Nov 04 04:31:07 +0000 2013,3.97219E+17,Y,
Mon Nov 04 04:39:19 +0000 2013,3.97221E+17,Y,
Mon Nov 04 04:40:21 +0000 2013,3.97222E+17,Y,
Mon Nov 04 04:44:11 +0000 2013,3.97223E+17,Y,
Mon Nov 04 04:46:43 +0000 2013,3.97223E+17,Y,
Mon Nov 04 04:53:54 +0000 2013,3.97225E+17,Y,
Mon Nov 04 05:31:33 +0000 2013,3.97235E+17,Y,
Mon Nov 04 05:41:45 +0000 2013,3.97237E+17,Y,
Mon Nov 04 05:46:36 +0000 2013,3.97238E+17,Y,
Mon Nov 04 05:47:37 +0000 2013,3.97239E+17,Y,
Mon Nov 04 05:56:07 +0000 2013,3.97241E+17,Y,
Mon Nov 04 06:04:19 +0000 2013,3.97243E+17,Y,
Mon Nov 04 06:19:48 +0000 2013,3.97247E+17,Y,
Mon Nov 04 06:26:09 +0000 2013,3.97248E+17,Y,
Mon Nov 04 07:17:33 +0000 2013,3.97261E+17,Y,
Mon Nov 04 07:24:20 +0000 2013,3.97263E+17,Y,
Mon Nov 04 08:06:20 +0000 2013,3.97274E+17,Y,
Mon Nov 04 08:22:14 +0000 2013,3.97278E+17,Y,
Mon Nov 04 08:26:06 +0000 2013,3.97279E+17,Y,
Mon Nov 04 08:26:35 +0000 2013,3.97279E+17,Y,
Mon Nov 04 09:09:15 +0000 2013,3.97289E+17,Y,
Mon Nov 04 09:35:09 +0000 2013,3.97296E+17,Y,
Mon Nov 04 09:38:27 +0000 2013,3.97297E+17,Y,
Mon Nov 04 09:39:04 +0000 2013,3.97297E+17,Y,
Mon Nov 04 09:46:56 +0000 2013,3.97299E+17,Y,
Mon Nov 04 09:49:41 +0000 2013,3.973E+17,Y,
Mon Nov 04 11:38:27 +0000 2013,3.97327E+17,Y,
Mon Nov 04 11:41:39 +0000 2013,3.97328E+17,Y,
Mon Nov 04 11:46:47 +0000 2013,3.97329E+17,Y,
Mon Nov 04 11:51:22 +0000 2013,3.9733E+17,Y,
Mon Nov 04 12:11:08 +0000 2013,3.97335E+17,Y,
Mon Nov 04 12:35:26 +0000 2013,3.97341E+17,Y,
Mon Nov 04 12:46:34 +0000 2013,3.97344E+17,Y,
Mon Nov 04 13:27:25 +0000 2013,3.97354E+17,Y,
Mon Nov 04 13:28:54 +0000 2013,3.97355E+17,Y,
Mon Nov 04 13:37:53 +0000 2013,3.97357E+17,Y,
Mon Nov 04 13:57:48 +0000 2013,3.97362E+17,Y,
Mon Nov 04 13:59:07 +0000 2013,3.97362E+17,Y,
Mon Nov 04 13:59:17 +0000 2013,3.97362E+17,Y,
Mon Nov 04 14:06:30 +0000 2013,3.97364E+17,Y,
Mon Nov 04 14:07:11 +0000 2013,3.97364E+17,Y,
Mon Nov 04 14:19:34 +0000 2013,3.97368E+17,Y,
Mon Nov 04 14:19:41 +0000 2013,3.97368E+17,Y,
Mon Nov 04 14:29:44 +0000 2013,3.9737E+17,Y,
Mon Nov 04 14:37:22 +0000 2013,3.97372E+17,Y,
Mon Nov 04 14:48:22 +0000 2013,3.97375E+17,Y,
Mon Nov 04 14:52:46 +0000 2013,3.97376E+17,Y,
Mon Nov 04 14:58:30 +0000 2013,3.97377E+17,Y,
Mon Nov 04 15:04:20 +0000 2013,3.97379E+17,Y,
Mon Nov 04 15:05:11 +0000 2013,3.97379E+17,Y,
Mon Nov 04 15:05:13 +0000 2013,3.97379E+17,Y,
Mon Nov 04 15:10:07 +0000 2013,3.9738E+17,Y,
Mon Nov 04 15:16:06 +0000 2013,3.97382E+17,Y,
Mon Nov 04 15:17:34 +0000 2013,3.97382E+17,Y,
Mon Nov 04 15:27:50 +0000 2013,3.97385E+17,Y,
Mon Nov 04 15:28:06 +0000 2013,3.97385E+17,Y,
Mon Nov 04 15:41:45 +0000 2013,3.97388E+17,Y,
Mon Nov 04 15:51:30 +0000 2013,3.97391E+17,Y,
Mon Nov 04 15:53:00 +0000 2013,3.97391E+17,Y,
Mon Nov 04 16:10:47 +0000 2013,3.97396E+17,Y,
Mon Nov 04 16:14:36 +0000 2013,3.97396E+17,Y,
Mon Nov 04 16:18:38 +0000 2013,3.97397E+17,Y,
Mon Nov 04 16:19:58 +0000 2013,3.97398E+17,Y,
Mon Nov 04 16:24:52 +0000 2013,3.97399E+17,Y,
Mon Nov 04 16:30:02 +0000 2013,3.974E+17,Y,
Mon Nov 04 16:30:57 +0000 2013,3.97401E+17,Y,
Mon Nov 04 16:35:19 +0000 2013,3.97402E+17,Y,
Mon Nov 04 16:48:51 +0000 2013,3.97405E+17,Y,
Mon Nov 04 16:54:33 +0000 2013,3.97407E+17,Y,
Mon Nov 04 17:06:45 +0000 2013,3.9741E+17,Y,
Mon Nov 04 17:15:48 +0000 2013,3.97412E+17,Y,
Mon Nov 04 17:20:11 +0000 2013,3.97413E+17,Y,
Mon Nov 04 17:26:08 +0000 2013,3.97414E+17,Y,
Mon Nov 04 17:29:20 +0000 2013,3.97415E+17,Y,
Mon Nov 04 17:30:52 +0000 2013,3.97416E+17,Y,
Mon Nov 04 17:41:24 +0000 2013,3.97418E+17,Y,
Mon Nov 04 17:41:31 +0000 2013,3.97418E+17,Y,
Mon Nov 04 18:00:10 +0000 2013,3.97423E+17,Y,
Mon Nov 04 18:00:23 +0000 2013,3.97423E+17,Y,
Mon Nov 04 18:03:47 +0000 2013,3.97424E+17,Y,
Mon Nov 04 18:13:37 +0000 2013,3.97426E+17,Y,
Mon Nov 04 18:20:56 +0000 2013,3.97428E+17,Y,
Mon Nov 04 18:27:25 +0000 2013,3.9743E+17,Y,
Mon Nov 04 18:28:55 +0000 2013,3.9743E+17,Y,
Mon Nov 04 18:32:41 +0000 2013,3.97431E+17,Y,
Mon Nov 04 18:54:06 +0000 2013,3.97437E+17,Y,
Mon Nov 04 18:57:56 +0000 2013,3.97438E+17,Y,
Mon Nov 04 18:57:57 +0000 2013,3.97438E+17,Y,
Mon Nov 04 19:13:17 +0000 2013,3.97441E+17,Y,
Mon Nov 04 19:14:28 +0000 2013,3.97442E+17,Y,
Mon Nov 04 19:15:21 +0000 2013,3.97442E+17,Y,
Mon Nov 04 19:22:44 +0000 2013,3.97444E+17,Y,
Mon Nov 04 19:44:00 +0000 2013,3.97449E+17,Y,
Mon Nov 04 19:44:03 +0000 2013,3.97449E+17,Y,
Mon Nov 04 20:10:47 +0000 2013,3.97456E+17,Y,
Mon Nov 04 20:11:21 +0000 2013,3.97456E+17,Y,
Mon Nov 04 20:19:44 +0000 2013,3.97458E+17,Y,
Mon Nov 04 20:23:00 +0000 2013,3.97459E+17,Y,
Mon Nov 04 20:23:22 +0000 2013,3.97459E+17,Y,
Mon Nov 04 20:25:06 +0000 2013,3.9746E+17,Y,
Mon Nov 04 20:42:27 +0000 2013,3.97464E+17,Y,
Mon Nov 04 20:47:50 +0000 2013,3.97465E+17,Y,
Mon Nov 04 20:50:47 +0000 2013,3.97466E+17,Y,
Mon Nov 04 20:52:56 +0000 2013,3.97467E+17,Y,
Mon Nov 04 20:53:15 +0000 2013,3.97467E+17,Y,
Mon Nov 04 20:58:05 +0000 2013,3.97468E+17,Y,
Mon Nov 04 21:00:44 +0000 2013,3.97468E+17,Y,
Mon Nov 04 21:08:59 +0000 2013,3.97471E+17,Y,
Mon Nov 04 21:14:36 +0000 2013,3.97472E+17,Y,
Mon Nov 04 21:16:48 +0000 2013,3.97473E+17,Y,
Mon Nov 04 21:32:32 +0000 2013,3.97476E+17,Y,
Mon Nov 04 21:37:52 +0000 2013,3.97478E+17,Y,
Mon Nov 04 21:43:16 +0000 2013,3.97479E+17,Y,
Mon Nov 04 21:50:15 +0000 2013,3.97481E+17,Y,
Mon Nov 04 21:50:30 +0000 2013,3.97481E+17,Y,
Mon Nov 04 21:55:55 +0000 2013,3.97482E+17,Y,
Mon Nov 04 22:14:24 +0000 2013,3.97487E+17,Y,
Mon Nov 04 23:11:47 +0000 2013,3.97501E+17,Y,
Mon Nov 04 23:20:32 +0000 2013,3.97504E+17,Y,
Mon Nov 04 23:36:15 +0000 2013,3.97508E+17,Y,
Mon Nov 04 23:43:32 +0000 2013,3.97509E+17,Y,
Mon Nov 04 23:47:48 +0000 2013,3.97511E+17,Y,
Tue Nov 05 00:04:54 +0000 2013,3.97515E+17,Y,
Tue Nov 05 00:21:05 +0000 2013,3.97519E+17,Y,
Tue Nov 05 00:25:10 +0000 2013,3.9752E+17,Y,
Tue Nov 05 00:46:09 +0000 2013,3.97525E+17,Y,
Tue Nov 05 00:57:14 +0000 2013,3.97528E+17,Y,
Tue Nov 05 00:59:00 +0000 2013,3.97528E+17,Y,
Tue Nov 05 00:59:39 +0000 2013,3.97529E+17,Y,
Tue Nov 05 01:01:43 +0000 2013,3.97529E+17,Y,
Tue Nov 05 01:17:18 +0000 2013,3.97533E+17,Y,
Tue Nov 05 01:30:32 +0000 2013,3.97536E+17,Y,
Tue Nov 05 01:33:21 +0000 2013,3.97537E+17,Y,
Tue Nov 05 01:57:54 +0000 2013,3.97543E+17,Y,
Tue Nov 05 02:15:05 +0000 2013,3.97548E+17,Y,
Tue Nov 05 02:15:33 +0000 2013,3.97548E+17,Y,
Tue Nov 05 02:18:02 +0000 2013,3.97548E+17,Y,
Tue Nov 05 02:31:36 +0000 2013,3.97552E+17,Y,
Tue Nov 05 02:33:24 +0000 2013,3.97552E+17,Y,
Tue Nov 05 02:34:35 +0000 2013,3.97552E+17,Y,
Tue Nov 05 02:41:33 +0000 2013,3.97554E+17,Y,
Tue Nov 05 03:02:59 +0000 2013,3.9756E+17,Y,
Tue Nov 05 03:15:57 +0000 2013,3.97563E+17,Y,
Tue Nov 05 03:30:49 +0000 2013,3.97567E+17,Y,
Tue Nov 05 03:48:25 +0000 2013,3.97571E+17,Y,
Tue Nov 05 03:49:36 +0000 2013,3.97571E+17,Y,
Tue Nov 05 03:50:08 +0000 2013,3.97572E+17,Y,
Tue Nov 05 03:53:53 +0000 2013,3.97572E+17,Y,
Tue Nov 05 03:54:30 +0000 2013,3.97573E+17,Y,
Tue Nov 05 03:56:03 +0000 2013,3.97573E+17,Y,
Tue Nov 05 03:59:08 +0000 2013,3.97574E+17,Y,
Tue Nov 05 03:59:44 +0000 2013,3.97574E+17,Y,
Tue Nov 05 04:04:13 +0000 2013,3.97575E+17,Y,
Tue Nov 05 04:04:53 +0000 2013,3.97575E+17,Y,
Tue Nov 05 04:58:23 +0000 2013,3.97589E+17,Y,
Tue Nov 05 05:00:37 +0000 2013,3.97589E+17,Y,
Tue Nov 05 05:19:58 +0000 2013,3.97594E+17,Y,
Tue Nov 05 05:33:09 +0000 2013,3.97597E+17,Y,
Tue Nov 05 05:33:58 +0000 2013,3.97598E+17,Y,
Tue Nov 05 05:34:52 +0000 2013,3.97598E+17,Y,
Tue Nov 05 06:30:19 +0000 2013,3.97612E+17,Y,
Tue Nov 05 07:51:03 +0000 2013,3.97632E+17,Y,
Tue Nov 05 08:46:13 +0000 2013,3.97646E+17,Y,
Tue Nov 05 09:29:03 +0000 2013,3.97657E+17,Y,
Tue Nov 05 11:21:02 +0000 2013,3.97685E+17,Y,
Tue Nov 05 11:34:05 +0000 2013,3.97688E+17,Y,
Tue Nov 05 11:48:38 +0000 2013,3.97692E+17,Y,
Tue Nov 05 12:39:42 +0000 2013,3.97705E+17,Y,
Tue Nov 05 14:30:45 +0000 2013,3.97733E+17,Y,
Tue Nov 05 14:42:09 +0000 2013,3.97736E+17,Y,
Tue Nov 05 14:47:59 +0000 2013,3.97737E+17,Y,
Tue Nov 05 14:52:35 +0000 2013,3.97738E+17,Y,
Tue Nov 05 14:58:38 +0000 2013,3.9774E+17,Y,
Tue Nov 05 15:21:41 +0000 2013,3.97746E+17,Y,
Tue Nov 05 15:36:42 +0000 2013,3.97749E+17,Y,
Tue Nov 05 16:30:23 +0000 2013,3.97763E+17,Y,
Tue Nov 05 16:51:05 +0000 2013,3.97768E+17,Y,
Tue Nov 05 17:01:15 +0000 2013,3.97771E+17,Y,
Tue Nov 05 17:16:56 +0000 2013,3.97775E+17,Y,
Tue Nov 05 17:23:46 +0000 2013,3.97776E+17,Y,
Tue Nov 05 17:38:45 +0000 2013,3.9778E+17,Y,
Tue Nov 05 17:48:01 +0000 2013,3.97782E+17,Y,
Tue Nov 05 18:08:26 +0000 2013,3.97788E+17,Y,
Tue Nov 05 18:35:19 +0000 2013,3.97794E+17,Y,
Tue Nov 05 18:36:12 +0000 2013,3.97794E+17,Y,
Tue Nov 05 19:11:56 +0000 2013,3.97803E+17,Y,
Tue Nov 05 19:26:27 +0000 2013,3.97807E+17,Y,
Tue Nov 05 20:46:20 +0000 2013,3.97827E+17,Y,
Tue Nov 05 20:52:55 +0000 2013,3.97829E+17,Y,
Tue Nov 05 21:45:01 +0000 2013,3.97842E+17,Y,
Tue Nov 05 22:05:03 +0000 2013,3.97847E+17,Y,
Tue Nov 05 22:07:12 +0000 2013,3.97848E+17,Y,
Tue Nov 05 23:10:31 +0000 2013,3.97864E+17,Y,
Tue Nov 05 23:56:10 +0000 2013,3.97875E+17,Y,
Wed Nov 06 00:22:46 +0000 2013,3.97882E+17,Y,
Wed Nov 06 00:35:33 +0000 2013,3.97885E+17,Y,
Wed Nov 06 00:43:56 +0000 2013,3.97887E+17,Y,
Wed Nov 06 01:07:35 +0000 2013,3.97893E+17,Y,
Wed Nov 06 01:23:49 +0000 2013,3.97897E+17,Y,
Wed Nov 06 01:47:42 +0000 2013,3.97903E+17,Y,
Wed Nov 06 02:00:45 +0000 2013,3.97906E+17,Y,
Wed Nov 06 02:03:26 +0000 2013,3.97907E+17,Y,
Wed Nov 06 02:07:00 +0000 2013,3.97908E+17,Y,
Wed Nov 06 02:51:35 +0000 2013,3.97919E+17,Y,
Wed Nov 06 02:54:41 +0000 2013,3.9792E+17,Y,
Wed Nov 06 03:32:51 +0000 2013,3.9793E+17,Y,
Wed Nov 06 04:30:56 +0000 2013,3.97944E+17,Y,
Wed Nov 06 07:06:37 +0000 2013,3.97983E+17,Y,
Wed Nov 06 08:12:59 +0000 2013,3.98E+17,Y,
Wed Nov 06 08:14:40 +0000 2013,3.98E+17,Y,
Wed Nov 06 09:41:53 +0000 2013,3.98022E+17,Y,
Wed Nov 06 11:32:21 +0000 2013,3.9805E+17,Y,
Wed Nov 06 12:17:37 +0000 2013,3.98062E+17,Y,
Wed Nov 06 12:23:46 +0000 2013,3.98063E+17,Y,
Wed Nov 06 14:34:15 +0000 2013,3.98096E+17,Y,
Wed Nov 06 14:40:13 +0000 2013,3.98097E+17,Y,
Wed Nov 06 14:48:56 +0000 2013,3.981E+17,Y,
Wed Nov 06 15:16:00 +0000 2013,3.98106E+17,Y,
Wed Nov 06 15:22:50 +0000 2013,3.98108E+17,Y,
Wed Nov 06 15:25:22 +0000 2013,3.98109E+17,Y,
Wed Nov 06 16:30:59 +0000 2013,3.98125E+17,Y,
Wed Nov 06 17:56:33 +0000 2013,3.98147E+17,Y,
Wed Nov 06 18:19:31 +0000 2013,3.98153E+17,Y,
Wed Nov 06 19:02:18 +0000 2013,3.98163E+17,Y,
Wed Nov 06 19:43:28 +0000 2013,3.98174E+17,Y,
Wed Nov 06 19:51:01 +0000 2013,3.98176E+17,Y,
Wed Nov 06 19:52:45 +0000 2013,3.98176E+17,Y,
Wed Nov 06 20:03:00 +0000 2013,3.98179E+17,Y,
Wed Nov 06 20:06:15 +0000 2013,3.9818E+17,Y,
Wed Nov 06 20:10:23 +0000 2013,3.98181E+17,Y,
Wed Nov 06 20:10:27 +0000 2013,3.98181E+17,Y,
Wed Nov 06 20:25:32 +0000 2013,3.98184E+17,Y,
Wed Nov 06 20:25:59 +0000 2013,3.98185E+17,Y,
Wed Nov 06 20:46:28 +0000 2013,3.9819E+17,Y,
Wed Nov 06 20:54:15 +0000 2013,3.98192E+17,Y,
Wed Nov 06 22:12:56 +0000 2013,3.98211E+17,Y,
Wed Nov 06 22:25:15 +0000 2013,3.98215E+17,Y,
Wed Nov 06 22:28:37 +0000 2013,3.98215E+17,Y,
Wed Nov 06 22:40:35 +0000 2013,3.98218E+17,Y,
Wed Nov 06 22:48:55 +0000 2013,3.9822E+17,Y,
Wed Nov 06 22:55:53 +0000 2013,3.98222E+17,Y,
Wed Nov 06 22:58:34 +0000 2013,3.98223E+17,Y,
Wed Nov 06 23:27:43 +0000 2013,3.9823E+17,Y,
Thu Nov 07 00:10:36 +0000 2013,3.98241E+17,Y,
Thu Nov 07 00:19:45 +0000 2013,3.98243E+17,Y,
Thu Nov 07 00:22:00 +0000 2013,3.98244E+17,Y,
Thu Nov 07 00:22:31 +0000 2013,3.98244E+17,Y,
Thu Nov 07 00:24:36 +0000 2013,3.98245E+17,Y,
Thu Nov 07 00:27:06 +0000 2013,3.98245E+17,Y,
Thu Nov 07 00:28:13 +0000 2013,3.98245E+17,Y,
Thu Nov 07 00:51:21 +0000 2013,3.98251E+17,Y,
Thu Nov 07 00:52:41 +0000 2013,3.98252E+17,Y,
Thu Nov 07 00:59:12 +0000 2013,3.98253E+17,Y,
Thu Nov 07 00:59:46 +0000 2013,3.98253E+17,Y,
Thu Nov 07 01:04:01 +0000 2013,3.98254E+17,Y,
Thu Nov 07 01:11:35 +0000 2013,3.98256E+17,Y,
Thu Nov 07 01:21:37 +0000 2013,3.98259E+17,Y,
Thu Nov 07 01:24:39 +0000 2013,3.9826E+17,Y,
Thu Nov 07 01:24:59 +0000 2013,3.9826E+17,Y,
Thu Nov 07 02:33:57 +0000 2013,3.98277E+17,Y,
Thu Nov 07 03:19:27 +0000 2013,3.98289E+17,Y,
Thu Nov 07 03:22:44 +0000 2013,3.98289E+17,Y,
Thu Nov 07 04:47:27 +0000 2013,3.98311E+17,Y,
Thu Nov 07 04:58:53 +0000 2013,3.98314E+17,Y,
Thu Nov 07 08:40:19 +0000 2013,3.98369E+17,Y,
Thu Nov 07 08:44:09 +0000 2013,3.9837E+17,Y,
Thu Nov 07 09:43:15 +0000 2013,3.98385E+17,Y,
Thu Nov 07 10:11:42 +0000 2013,3.98392E+17,Y,
Thu Nov 07 10:29:43 +0000 2013,3.98397E+17,Y,
Thu Nov 07 11:07:51 +0000 2013,3.98406E+17,Y,
Thu Nov 07 12:18:51 +0000 2013,3.98424E+17,Y,
Thu Nov 07 13:25:20 +0000 2013,3.98441E+17,Y,
Thu Nov 07 14:15:58 +0000 2013,3.98454E+17,Y,
Thu Nov 07 17:38:30 +0000 2013,3.98505E+17,Y,
Thu Nov 07 18:05:30 +0000 2013,3.98512E+17,Y,
Thu Nov 07 18:58:27 +0000 2013,3.98525E+17,Y,
Thu Nov 07 19:19:18 +0000 2013,3.9853E+17,Y,
Thu Nov 07 19:57:28 +0000 2013,3.9854E+17,Y,
Thu Nov 07 21:10:37 +0000 2013,3.98558E+17,Y,
Thu Nov 07 21:42:14 +0000 2013,3.98566E+17,Y,
Thu Nov 07 22:40:50 +0000 2013,3.98581E+17,Y,
Thu Nov 07 23:09:09 +0000 2013,3.98588E+17,Y,
Thu Nov 07 23:15:03 +0000 2013,3.98589E+17,Y,
Thu Nov 07 23:21:06 +0000 2013,3.98591E+17,Y,
Fri Nov 08 00:22:02 +0000 2013,3.98606E+17,Y,
Fri Nov 08 00:29:18 +0000 2013,3.98608E+17,Y,
Fri Nov 08 00:29:28 +0000 2013,3.98608E+17,Y,
Fri Nov 08 01:42:32 +0000 2013,3.98627E+17,Y,
Fri Nov 08 03:52:05 +0000 2013,3.98659E+17,Y,
Fri Nov 08 06:03:46 +0000 2013,3.98692E+17,Y,
Fri Nov 08 06:33:23 +0000 2013,3.987E+17,Y,
Fri Nov 08 06:34:58 +0000 2013,3.987E+17,Y,
Fri Nov 08 06:39:27 +0000 2013,3.98701E+17,Y,
Fri Nov 08 06:41:17 +0000 2013,3.98702E+17,Y,
Fri Nov 08 06:58:15 +0000 2013,3.98706E+17,Y,
Fri Nov 08 07:30:27 +0000 2013,3.98714E+17,Y,
Fri Nov 08 07:30:56 +0000 2013,3.98714E+17,Y,
Fri Nov 08 08:49:04 +0000 2013,3.98734E+17,Y,
Fri Nov 08 12:54:39 +0000 2013,3.98796E+17,Y,
Fri Nov 08 15:26:36 +0000 2013,3.98834E+17,Y,
Fri Nov 08 15:58:15 +0000 2013,3.98842E+17,Y,
Fri Nov 08 16:35:35 +0000 2013,3.98851E+17,Y,
Fri Nov 08 16:42:04 +0000 2013,3.98853E+17,Y,
Fri Nov 08 18:05:42 +0000 2013,3.98874E+17,Y,
Fri Nov 08 18:55:53 +0000 2013,3.98887E+17,Y,
Fri Nov 08 19:26:08 +0000 2013,3.98894E+17,Y,
Fri Nov 08 19:37:35 +0000 2013,3.98897E+17,Y,
Fri Nov 08 21:16:03 +0000 2013,3.98922E+17,Y,
Fri Nov 08 21:20:22 +0000 2013,3.98923E+17,Y,
Fri Nov 08 21:47:58 +0000 2013,3.9893E+17,Y,
Fri Nov 08 22:03:49 +0000 2013,3.98934E+17,Y,
Fri Nov 08 22:37:45 +0000 2013,3.98942E+17,Y,
Sat Nov 09 00:38:09 +0000 2013,3.98973E+17,Y,
Sat Nov 09 01:19:28 +0000 2013,3.98983E+17,Y,
Sat Nov 09 01:37:16 +0000 2013,3.98988E+17,Y,
Sat Nov 09 04:14:19 +0000 2013,3.99027E+17,Y,
Sat Nov 09 05:04:27 +0000 2013,3.9904E+17,Y,
Sat Nov 09 05:18:12 +0000 2013,3.99043E+17,Y,
Sat Nov 09 06:01:08 +0000 2013,3.99054E+17,Y,
Sat Nov 09 07:07:55 +0000 2013,3.99071E+17,Y,
Sat Nov 09 08:23:50 +0000 2013,3.9909E+17,Y,
Sat Nov 09 10:14:52 +0000 2013,3.99118E+17,Y,
Sat Nov 09 10:20:37 +0000 2013,3.99119E+17,Y,
Sat Nov 09 11:42:21 +0000 2013,3.9914E+17,Y,
Sat Nov 09 11:47:40 +0000 2013,3.99141E+17,Y,
Sat Nov 09 13:27:05 +0000 2013,3.99166E+17,Y,
Sat Nov 09 13:50:35 +0000 2013,3.99172E+17,Y,
Sat Nov 09 14:41:01 +0000 2013,3.99185E+17,Y,
Sat Nov 09 15:14:38 +0000 2013,3.99193E+17,Y,
Sat Nov 09 16:24:06 +0000 2013,3.99211E+17,Y,
Sat Nov 09 17:16:25 +0000 2013,3.99224E+17,Y,
Sat Nov 09 17:37:40 +0000 2013,3.99229E+17,Y,
Sat Nov 09 19:08:45 +0000 2013,3.99252E+17,Y,
Sat Nov 09 19:16:14 +0000 2013,3.99254E+17,Y,
Sat Nov 09 23:11:50 +0000 2013,3.99313E+17,Y,
Sun Nov 10 00:34:23 +0000 2013,3.99334E+17,Y,
Sun Nov 10 00:38:59 +0000 2013,3.99335E+17,Y,
Sun Nov 10 01:09:10 +0000 2013,3.99343E+17,Y,
Sun Nov 10 03:49:27 +0000 2013,3.99383E+17,Y,
Sun Nov 10 05:34:52 +0000 2013,3.9941E+17,Y,
Sun Nov 10 07:06:06 +0000 2013,3.99433E+17,Y,
Sun Nov 10 09:36:53 +0000 2013,3.99471E+17,Y,
Sun Nov 10 13:12:00 +0000 2013,3.99525E+17,Y,
Sun Nov 10 15:02:58 +0000 2013,3.99553E+17,Y,
Sun Nov 10 15:22:05 +0000 2013,3.99558E+17,Y,
Sun Nov 10 15:23:14 +0000 2013,3.99558E+17,Y,
Sun Nov 10 16:01:38 +0000 2013,3.99568E+17,Y,
Sun Nov 10 16:46:24 +0000 2013,3.99579E+17,Y,
Sun Nov 10 16:48:50 +0000 2013,3.99579E+17,Y,
Sun Nov 10 17:26:49 +0000 2013,3.99589E+17,Y,
Sun Nov 10 18:04:49 +0000 2013,3.99599E+17,Y,
Sun Nov 10 18:16:08 +0000 2013,3.99601E+17,Y,
Sun Nov 10 18:28:24 +0000 2013,3.99604E+17,Y,
Sun Nov 10 18:46:00 +0000 2013,3.99609E+17,Y,
Sun Nov 10 19:10:05 +0000 2013,3.99615E+17,Y,
Sun Nov 10 20:23:23 +0000 2013,3.99633E+17,Y,
Sun Nov 10 21:31:08 +0000 2013,3.9965E+17,Y,
Sun Nov 10 22:27:58 +0000 2013,3.99665E+17,Y,
Mon Nov 11 01:46:43 +0000 2013,3.99715E+17,Y,
Mon Nov 11 04:13:41 +0000 2013,3.99752E+17,Y,
Mon Nov 11 04:56:12 +0000 2013,3.99762E+17,Y,
Mon Nov 11 05:15:06 +0000 2013,3.99767E+17,Y,
Mon Nov 11 05:31:33 +0000 2013,3.99771E+17,Y,
Mon Nov 11 07:44:24 +0000 2013,3.99805E+17,Y,
Mon Nov 11 11:00:29 +0000 2013,3.99854E+17,Y,
Mon Nov 11 14:40:01 +0000 2013,3.99909E+17,Y,
Mon Nov 11 15:16:56 +0000 2013,3.99919E+17,Y,
Mon Nov 11 15:34:28 +0000 2013,3.99923E+17,Y,
Mon Nov 11 16:10:45 +0000 2013,3.99932E+17,Y,
Mon Nov 11 20:04:07 +0000 2013,3.99991E+17,Y,
Tue Nov 12 01:19:51 +0000 2013,4.0007E+17,Y,
Tue Nov 12 02:29:54 +0000 2013,4.00088E+17,Y,
Tue Nov 12 07:18:00 +0000 2013,4.00161E+17,Y,
Tue Nov 12 08:53:50 +0000 2013,4.00185E+17,Y,
Tue Nov 12 09:05:59 +0000 2013,4.00188E+17,Y,
Tue Nov 12 11:17:23 +0000 2013,4.00221E+17,Y,
Tue Nov 12 11:52:44 +0000 2013,4.0023E+17,Y,
Tue Nov 12 13:16:59 +0000 2013,4.00251E+17,Y,
Tue Nov 12 13:27:32 +0000 2013,4.00254E+17,Y,
Tue Nov 12 18:01:28 +0000 2013,4.00322E+17,Y,
Tue Nov 12 19:24:46 +0000 2013,4.00343E+17,Y,
Tue Nov 12 20:05:58 +0000 2013,4.00354E+17,Y,
Tue Nov 12 22:46:51 +0000 2013,4.00394E+17,Y,
Tue Nov 12 22:59:09 +0000 2013,4.00397E+17,Y,
Tue Nov 12 23:11:08 +0000 2013,4.004E+17,Y,
Wed Nov 13 01:03:30 +0000 2013,4.00429E+17,N,
Wed Nov 13 01:03:31 +0000 2013,4.00429E+17,N,
Wed Nov 13 01:12:12 +0000 2013,4.00431E+17,N,
Wed Nov 13 03:21:37 +0000 2013,4.00463E+17,N,
Wed Nov 13 06:55:31 +0000 2013,4.00517E+17,N,
Wed Nov 13 09:02:47 +0000 2013,4.00549E+17,N,
Wed Nov 13 13:53:40 +0000 2013,4.00622E+17,N,
Wed Nov 13 14:06:06 +0000 2013,4.00626E+17,N,
Wed Nov 13 14:59:25 +0000 2013,4.00639E+17,N,
Wed Nov 13 16:38:01 +0000 2013,4.00664E+17,N,
Wed Nov 13 18:56:28 +0000 2013,4.00699E+17,N,
Wed Nov 13 23:16:26 +0000 2013,4.00764E+17,N,
Thu Nov 14 00:10:07 +0000 2013,4.00778E+17,N,
Thu Nov 14 00:30:12 +0000 2013,4.00783E+17,N,
Thu Nov 14 01:31:42 +0000 2013,4.00798E+17,N,
Thu Nov 14 02:43:47 +0000 2013,4.00816E+17,N,
